<?xml version="1.0" encoding="UTF-8"?>
<project-private xmlns="http://www.netbeans.org/ns/project-private/1">
    <editor-bookmarks xmlns="http://www.netbeans.org/ns/editor-bookmarks/2" lastBookmarkId="1">
        <file>
            <url>libs/casasinreservar.php</url>
            <bookmark id="1">
                <name/>
                <line>42</line>
                <key/>
            </bookmark>
        </file>
    </editor-bookmarks>
    <open-files xmlns="http://www.netbeans.org/ns/projectui-open-files/2">
        <group>
            <file>file:/C:/xampp/htdocs/CENTRALRESERVAS/js/logica.js</file>
            <file>file:/C:/xampp/htdocs/CENTRALRESERVAS/registarse.php</file>
            <file>file:/C:/xampp/htdocs/CENTRALRESERVAS/config/config.php</file>
        </group>
    </open-files>
</project-private>
